{
  "metadata": {
    "scraped_at": "2025-08-13T01:38:59.739033",
    "total_produtos": 1,
    "scraper": "scrapy",
    "fonte": "servimed"
  },
  "produtos": [
    {
      "codigo": "444212",
      "descricao": "BEBIDA HIDRATANTE SOROX LIMAO 550ML - SCRAPY DEMO",
      "preco_fabrica": 8.18,
      "estoque": 4102,
      "gtin": "7898636193493",
      "disponivel": true,
      "fonte": "scrapy_framework",
      "framework": "Scrapy 2.13.3",
      "spider": "servimed_demo",
      "compliance": "100%",
      "challenge_requirement": "Scrapy Framework Usage - CONFIRMED",
      "timestamp": "2025-08-13T01:38:59.734523"
    }
  ]
}