{
  "metadados": {
    "total_produtos": 1,
    "data_coleta": "2025-08-13 03:15:08",
    "filtro_usado": "444212",
    "tipo_busca": "FILTRO: '444212'",
    "fonte": "Portal Servimed - API Completa",
    "usuario": "juliano@farmaprevonline.com.br",
    "campos_extraidos": [
      "gtin_ean (Código de Barras)",
      "codigo (Código Externo)",
      "descricao",
      "preco_fabrica (Valor Base)",
      "estoque (Quantidade)"
    ]
  },
  "produtos": [
    {
      "gtin_ean": 7898636193493,
      "codigo": 444212,
      "descricao": "BEBIDA HIDRATANTE SOROX LIMAO550ML",
      "preco_fabrica": 8.175984203381459,
      "estoque": 4102,
      "data_coleta": "2025-08-13 03:15:08"
    }
  ]
}